Year,Socioeconomic Status
1880-12,96.592659
1890-12,96.07502
1900-12,96.086876
1910-12,96.916656
1920-12,96.656906
1930-12,96.799896
1940-12,97.140915
1950-12,96.9105
1960-12,96.637016
1970-12,97.003998
1980-12,97.247353
1990-12,97.442451
2000-12,97.445534
2010-12,97.464378
